,permno,comnam
0,10006,A C F INDUSTRIES INC
2,10057,ACME CLEVELAND CORP NEW
3,10078,SUN MICROSYSTEMS INC
5,10104,ORACLE CORP
6,10107,MICROSOFT CORP
7,10108,SUNGARD DATA SYSTEMS INC
8,10137,ALLEGHENY ENERGY INC
10,10138,T ROWE PRICE GROUP INC
14,10145,HONEYWELL INTERNATIONAL INC
15,10147,E M C CORP MA
16,10153,ALLIS CHALMERS CORP
17,10161,AMAX INC
20,10225,BEAM INC
21,10233,AMERICAN BROADCASTING COS INC
23,10241,PRIMERICA CORP
24,10299,LINEAR TECHNOLOGY CORP
25,10321,AMERICAN MOTORS CORP
26,10324,GENZYME CORP
27,10353,ADAPTEC INC
28,10364,ASARCO INC
29,10372,AMERICAN STANDARD INC
31,10401,A T & T CORP
32,10479,AMSTAR CORP
33,10487,AMSTED INDUSTRIES INC
34,10516,ARCHER DANIELS MIDLAND CO
35,10559,ASSOCIATED DRY GOODS CORP
36,10562,SOVEREIGN BANCORP INC
37,10604,ATLANTIC RICHFIELD CO
38,10623,FIRST REPUBLIC BANCORP INC
39,10693,HEALTHSOUTH CORP
40,10696,FISERV INC
41,10725,CHARTER ONE FINANCIAL INC
42,10751,BENDIX CORP
43,10786,BETHLEHEM STEEL CORP
44,10791,SILICON GRAPHICS INC
45,10823,BROOKLYN UNION GAS CO
46,10866,BROWN GROUP INC
47,10874,BRUNSWICK CORP
49,10890,UNISYS CORP
50,10909,CERNER CORP
51,10942,COMVERSE TECHNOLOGY INC
52,10970,C I T FINANCIAL CORP
54,10989,BESTFOODS
57,11042,WORLDCOM INC GA NEW
59,11081,DELL INC
60,11156,CHESSIE SYSTEM INC
61,11164,CHICAGO PNEUMATIC TOOL CO
62,11260,CHRYSLER CORP
63,11295,CLUETT PEABODY & CO INC
64,11308,COCA COLA CO
65,11332,COLT INDUSTRIES INC DE
67,11340,COLUMBIA ENERGY GROUP
68,11403,CADENCE DESIGN SYSTEMS INC
70,11404,CONSOLIDATED EDISON INC
71,11415,BARR PHARMACEUTICALS INC
72,11447,CONTINENTAL GROUP INC
73,11471,CONOCO INC
74,11533,FAIR ISAAC CORP
75,11552,CELGENE CORP
77,11600,DENTSPLY SIRONA INC
78,11607,DANA CORP
79,11618,FASTENAL CO
80,11626,MCCAW CELLULAR COMMS INC
82,11674,D T E ENERGY CO
83,11690,DOME MINES LTD
84,11703,DU PONT E I DE NEMOURS & CO
85,11754,EASTMAN KODAK CO
87,11762,EATON CORP PLC
88,11786,S V B FINANCIAL GROUP
90,11850,EXXON MOBIL CORP
91,11891,M G M RESORTS INTERNATIONAL
92,11896,MAXIM INTEGRATED PRODUCTS INC
94,11955,WASTE MANAGEMENT INC DEL
95,11970,AMERICAN POWER CONVERSION CORP
96,11976,B M C SOFTWARE INC
97,11983,BIOGEN INC
98,11990,K K R & CO INC
99,11997,COMCAST CORP
100,12052,GENERAL DYNAMICS CORP
101,12060,GENERAL ELECTRIC CO
103,12062,LABCORP HOLDINGS INC
104,12067,NOVELLUS SYSTEMS INC
105,12073,PEOPLES UNITED FINANCIAL INC
106,12076,SIGNET JEWELERS LTD
107,12079,GENERAL MOTORS CORP
108,12084,N X P SEMICONDUCTORS N V
109,12095,GENERAL SIGNAL CORP
111,12140,GOODRICH CORP
112,12308,CHARTER COMMUNICATIONS INC NEW
113,12319,HOMESTAKE MINING CO
114,12345,LYONDELLBASELL INDUSTRIES N V
115,12369,GENERAL MOTORS CO
119,12431,TRANE TECHNOLOGIES PLC
120,12448,FIRST REPUBLIC BANK S F NEW
122,12449,CORPAY INC
123,12456,MOTOROLA MOBILITY HOLDINGS INC
125,12458,INLAND STEEL INDUSTRIES INC
126,12476,TARGA RESOURCES CORP
127,12490,INTERNATIONAL BUSINESS MACHS COR
129,12503,NAVISTAR INTERNATIONAL CORP
133,12511,MALLINCKRODT INC NEW
136,12542,NIELSEN HOLDINGS PLC
137,12546,INCO LTD
138,12558,KINDER MORGAN INC
141,12570,I T T INDUSTRIES INC IND
142,12591,APOLLO GLOBAL MANAGEMENT INC NEW
144,12622,H C A HEALTHCARE INC
145,12623,HUNTINGTON INGALLS INDS INC
146,12626,JEWEL COMPANIES INC
148,12650,KANSAS CITY SOUTHERN
150,12706,KENNECOTT CORP
151,12730,KRAFT INC
152,12749,K MART CORP
153,12837,LIGGETT GROUP INC
154,12872,MARATHON PETROLEUM CORP
155,12888,LONE STAR INDUSTRIES INC
156,12933,M E I CORP
157,12976,MACY R H & CO INC
158,12981,FORTUNE BRANDS HOME & SECUR INC
159,13035,XYLEM INC
160,13056,AMERICAN GREETINGS CORP
161,13100,MAY DEPARTMENT STORES CO
163,13103,APTIV PLC
165,13119,MAYTAG CORP
166,13141,W P X ENERGY INC
168,13142,CAPRI HOLDINGS LTD
169,13143,METRO GOLDWYN MAYER INC
170,13168,TRIPADVISOR INC
171,13210,EPAM SYSTEMS INC
172,13303,N L INDUSTRIES INC
173,13311,NABISCO INC
174,13323,ENPHASE ENERGY INC
176,13354,QUANTUM CHEMICAL CORP
177,13356,PHILLIPS 66
179,13407,META PLATFORMS INC
180,13447,SERVICENOW INC
181,13511,PALO ALTO NETWORKS INC
182,13522,NORFOLK & WESTERN RAILWAY CO
183,13567,A D T CORP
185,13586,PENTAIR PLC
186,13598,KRAFT FOODS GROUP INC
187,13628,WORKDAY INC
188,13641,DIAMONDBACK ENERGY INC
189,13661,OWENS ILLINOIS INC
191,13688,P G & E CORP
192,13721,ABBVIE INC
193,13760,NORWEGIAN CRUISE LINE HLDGS LTD
194,13788,ZOETIS INC
196,13821,PEOPLES ENERGY CORP
197,13856,PEPSICO INC
200,13901,ALTRIA GROUP INC
202,13911,IQVIA HOLDINGS INC
204,13928,CONOCOPHILLIPS
205,13936,P V H CORP
206,13949,C D W CORP NEW
207,13963,NEWS CORP NEW
208,13983,COTY INC
209,14008,AMGEN INC
210,14011,MALLINCKRODT PLC
211,14066,PULLMAN INC
212,14090,R C A CORP
213,14189,REPUBLIC STEEL CORP
215,14218,R J R NABISCO INC
216,14250,ST JOE MINERALS CORP
217,14277,SCHLUMBERGER LTD
218,14295,TWITTER INC
219,14297,ALLEGION PLC
220,14322,SEARS ROEBUCK & CO
221,14323,ANDREW CORP
222,14338,HILTON WORLDWIDE HOLDINGS INC
223,14357,SHELL OIL CO
224,14496,SOUTHERN PACIFIC CO
225,14509,SOUTHERN RAILWAY CO
226,14525,SPERRY CORP
227,14533,STANDARD BRANDS INC
231,14541,CHEVRON CORP NEW
232,14579,PAYCOM SOFTWARE INC
233,14592,STERLING DRUG INC
235,14593,APPLE INC
236,14601,NAVIENT CORP
238,14656,SUNOCO INC
239,14702,APPLIED MATERIALS INC
240,14704,I H S MARKIT LTD
241,14714,ARISTA NETWORKS INC
242,14736,TEXACO INC
243,14760,TEXASGULF INC
244,14763,CATALENT INC
245,14776,SYNCHRONY FINANCIAL
246,14795,TIMKEN CO
247,14859,TWENTIETH CENTURY FOX FILM CORP
248,14882,CAESARS ENTERTAINMENT INC DE
249,14883,UNION CAMP CORP
250,14889,CITIZENS FINANCIAL GROUP INC
252,14891,UNOCAL CORP
253,14912,UNIROYAL INC
254,14939,KEYSIGHT TECHNOLOGIES INC
258,15069,MARATHON OIL CORP
260,15077,U S T INC
261,15202,VULCAN MATERIALS CO
262,15272,SOLAREDGE TECHNOLOGIES INC
263,15291,ETSY INC
264,15315,GODADDY INC
266,15368,C B S CORP
267,15401,BAXALTA INC
268,15404,COLUMBIA PIPELINE GROUP INC
269,15408,KRAFT HEINZ CO
273,15456,FOOT LOCKER INC
274,15472,WRIGLEY WILLIAM JR CO
275,15488,PAYPAL HOLDINGS INC
276,15553,A G L RESOURCES INC
278,15560,RADIOSHACK CORP
279,15579,TEXAS INSTRUMENTS INC
281,15659,UNION CARBIDE CORP HOLDING CO
283,15667,WYETH
284,15707,HEWLETT PACKARD ENTERPRISE CO
285,15712,COLLINS & AIKMAN CORP
288,15720,EDISON INTERNATIONAL
290,15747,INTERLAKE CORP
291,15763,A M F INC
292,15797,C S R A INC
293,15850,MATCH GROUP INC NEW
294,15966,MOBIL CORP
295,16029,DIAMOND INTERNATIONAL CORP
296,16087,FORTIVE CORP
297,16088,WHITE CONSOLIDATED INDS INC
298,16109,GENERAL FOODS CORP
299,16336,QUESTOR CORP
300,16360,PILLSBURY CO
301,16424,GILLETTE CO
302,16431,LAMB WESTON HOLDINGS INC
303,16432,GOODYEAR TIRE & RUBBER CO
304,16538,TECHNIPFMC PLC
305,16571,BORDEN INC
306,16581,INVITATION HOMES INC
307,16598,G K TECHNOLOGIES INC
309,16600,HERSHEY CO
311,16651,BECOR WESTERN INC
312,16678,KROGER CO
314,16692,INGERSOLL RAND INC
316,16707,MANVILLE CORP
317,16736,VISTRA CORP
318,16803,NATIONAL CAN CORP
319,16816,BRIGHTHOUSE FINANCIAL INC
321,16851,DUPONT DE NEMOURS INC
323,16870,PACIFIC ENTERPRISES
327,17005,C V S HEALTH CORP
328,17128,CROWN ZELLERBACH CORP
329,17137,BASSETT FURNITURE INDUSTRIES INC
330,17144,GENERAL MILLS INC
331,17278,NATIONAL INTERGROUP INC
332,17279,LORILLARD INC
333,17291,SAFEWAY STORES INC
334,17304,ALLIED STORES CORP
335,17307,VICI PROPERTIES INC
336,17340,TIGER INTERNATIONAL INC
337,17435,EVANS PRODUCTS CO
341,17478,S & P GLOBAL INC
342,17566,ARMCO INC
343,17590,BORG WARNER CORP
344,17646,REVERE COPPER & BRASS INC
346,17700,DAYFORCE INC
347,17726,CROWN CORK & SEAL CO INC
348,17743,BERKLEY W R CORP
349,17750,KIMBERLY CLARK CORP
350,17806,PHELPS DODGE CORP
353,17830,R T X CORP
354,17942,KEURIG DR PEPPER INC
356,17953,BEATRICE CO
357,17961,BRIGGS & STRATTON CORP
358,18016,HERCULES INC
359,18032,SCOTT PAPER CO
361,18067,ZENITH ELECTRONICS CORP
362,18092,BIOMET INC
363,18112,FOSTER WHEELER CORP
365,18143,LINDE PLC NEW
368,18147,AEROQUIP VICKERS INC
369,18163,PROCTER & GAMBLE CO
370,18267,DELL TECHNOLOGIES INC
371,18278,INTERCO INC
372,18312,MODERNA INC
373,18315,ALPHA PORTLAND INDS INC
374,18374,HONEYWELL INC
376,18382,PHARMACIA CORP
377,18403,PENNEY J C CO INC
378,18411,SOUTHERN CO
379,18420,FOX CORP
380,18428,DOW INC
381,18446,CLARK EQUIPMENT CO
383,18542,CATERPILLAR INC
384,18550,FEDERATED DEPARTMENT STORES INC
385,18551,BOATMENS BANCSHARES INC
387,18569,FIRESTONE INC
388,18576,UBER TECHNOLOGIES INC
389,18592,CORTEVA INC
390,18649,PITTSTON CO
391,18681,T R W INC
392,18724,AMCOR PLC
393,18726,CROWDSTRIKE HOLDINGS INC
394,18729,COLGATE PALMOLIVE CO
395,18884,MARSHALL FIELD & CO DE
396,18921,REYNOLDS METALS CO
397,18948,ROCKWELL INTERNATIONAL CORP
398,18999,COMBUSTION ENGINEERING INC
399,19019,NATIONAL STEEL CORP
400,19027,CELANESE CORP
401,19051,TRANSAMERICA CORP
403,19131,U S G CORP
404,19166,F M C CORP
405,19238,WHEELING PITTSBURGH STL CORP
406,19254,DRESSER INDUSTRIES INC
407,19285,CARRIER GLOBAL CORP
408,19286,OTIS WORLDWIDE CORP
409,19297,COLUMBIA PICTURES INDS INC DE
410,19334,WHITE MOTOR CORP
411,19350,DEERE & CO
412,19377,BENEFICIAL CORP
414,19393,BRISTOL MYERS SQUIBB CO
415,19414,GETTY OIL CO
417,19502,WALGREENS BOOTS ALLIANCE INC
418,19537,N C R CORP
420,19553,AMOCO CORP
421,19561,BOEING CO
422,19583,INVESCO LTD
423,19589,BRUNOS INC
426,19596,U A L CORP
429,19692,ARMSTRONG HOLDINGS INC
430,19713,ESMARK INC
434,19721,DIAL CORP DEL
435,19788,PALANTIR TECHNOLOGIES INC
436,19807,VONTIER CORP
437,19887,HOLLY SUGAR CORP
438,19895,MEAD CORP
439,19916,SEAGRAM LTD
440,19940,WALKER HIRAM GOODERHAM & WORTS
441,20053,SYNOVUS FINANCIAL CORP
442,20057,VIATRIS INC
443,20079,SQUARE D CO
445,20124,HOUSEHOLD INTERNATIONAL INC
446,20190,AIRBNB INC
447,20204,CRANE CO
449,20220,BLACK & DECKER CORP
450,20239,EL PASO CO
451,20263,MCGRAW EDISON CO
452,20343,ROPER CORP
453,20386,MASONITE CORP
454,20391,TEXAS PACIFIC LAND CORP
455,20394,OUTBOARD MARINE CORP
456,20407,STOKELY VAN CAMP INC
458,20415,JEFFERIES FINANCIAL GROUP INC
459,20482,ABBOTT LABORATORIES
461,20562,MARTIN MARIETTA CORP NEW
462,20570,NATIONAL GYPSUM CO
463,20626,DOW CHEMICAL CO
464,20677,BURLINGTON INDUSTRIES INC
465,20730,C B S INC
467,20853,UNICOM CORP HOLDING CO
468,20896,HUDSON BAY MNG & SMLT LTD
469,20909,EX CELL O CORP
471,20984,PAN AM CORP
473,21004,G T E CORP
476,21020,AMERICAN AIRLINES GROUP INC
477,21055,GENESCO INC
478,21119,REXNORD INC
479,21124,ORGANON & CO
481,21178,LOCKHEED MARTIN CORP
484,21186,WESTROCK CO
487,21207,NEWMONT CORP
488,21274,GRUMMAN CORP
489,21290,MORTON THIOKOL INC
490,21303,ROYAL CROWN COS INC
491,21371,CARDINAL HEALTH INC
492,21397,CHAMPION INTERNATIONAL CORP
493,21450,STANDARD OIL CO OH
495,21485,N W A INC
497,21514,SONAT INC
498,21522,FRUEHAUF CORP
499,21557,JOY MANUFACTURING CO
500,21573,INTERNATIONAL PAPER CO
501,21709,SUPERIOR OIL CO
503,21768,GULF CORP
506,21776,EXELON CORP
509,21792,CENTERPOINT ENERGY INC
510,21821,CONSOLIDATED NATURAL GAS CO
511,21936,PFIZER INC
514,21979,COOPER INDUSTRIES PLC
515,21995,NORTHWEST INDUSTRIES INC
516,22023,MONARCH MACHINE TOOL CO
517,22032,COMPASS BANCSHARES INC
518,22066,NATIONAL SERVICE INDUSTRIES INC
521,22082,PANENERGY CORP
522,22103,EMERSON ELECTRIC CO
523,22111,JOHNSON & JOHNSON
524,22170,KOPPERS CO
526,22250,HARTMARX CORP
528,22293,CORNING INC
529,22410,SEABOARD COAST LINE INDS INC
530,22496,FLORIDA PROGRESS CORP
531,22509,P P G INDUSTRIES INC
534,22517,P P L CORP
536,22541,G P U INC
537,22568,GOULD INC
539,22592,3M CO
540,22613,NEW CENTURY ENERGIES INC
541,22623,CONSTELLATION ENERGY CORP
542,22648,DOCTOR PEPPER CO
544,22680,MILACRON INC
545,22728,LOWENSTEIN M CORP
547,22752,MERCK & CO INC NEW
548,22753,CHARMING SHOPPES INC
549,22760,MOHASCO CORP
551,22779,MOTOROLA SOLUTIONS INC
553,22840,SARA LEE CORP
554,22891,MERCANTILE STORES INC
556,22947,CINERGY CORP
557,22976,WARNER BROS DISCOVERY INC
559,23026,FIRSTENERGY CORP
560,23050,REEVES BROTHERS INC
561,23077,HEINZ H J CO
562,23085,SCANA CORP NEW
565,23114,PROGRESS ENERGY INC
566,23130,ST LOUIS SAN FRANCISCO RY CO
567,23229,C M S ENERGY CORP
568,23253,GENERAL INSTRUMENT CORP
569,23309,HILTON HOTELS CORP
572,23317,ENRON CORP
573,23318,CHIRON CORP
575,23325,ST REGIS CORP
576,23341,AMERICAN CYANAMID CO
577,23393,CHURCH & DWIGHT INC
578,23421,STEVENS J P & CO INC
579,23448,VIRGINIA ELECTRIC & POWER CO
580,23464,GENERAL PORTLAND INC
581,23473,CINCINNATI FINANCIAL CORP
582,23499,NEW ENGLAND ELEC SYS
583,23501,PEPCO HOLDINGS INC
586,23536,W E C ENERGY GROUP INC
587,23552,FEDDERS CORP
588,23570,G E HEALTHCARE TECHNOLOGIES INC
589,23579,TEXTRON INC
590,23660,CINTAS CORP
592,23712,PUBLIC SERVICE ENTERPRISE GP INC
593,23819,HALLIBURTON CO
594,23851,CENTRAL & SOUTH WEST CORP
595,23876,KENVUE INC
597,23887,FRONTIER COMMUNICATIONS CORP
598,23915,GEORGIA PACIFIC CORP
600,23931,X C E L ENERGY INC
601,23990,ROHM & HAAS CO
604,24010,ENTERGY CORP NEW
605,24037,SUNBEAM CORP DE
606,24046,CLEAR CHANNEL COMMUNICATIONS INC
608,24053,EVERGY INC
609,24109,AMERICAN ELECTRIC POWER CO INC
610,24141,AMERICAN NATURAL RESOURCE CO
611,24174,VERALTO CORP
613,24184,NIAGARA MOHAWK HOLDINGS INC
616,24192,P S I RESOURCES INC
619,24205,NEXTERA ENERGY INC
621,24221,CONSTELLATION ENERGY GROUP INC
623,24264,ALCAN INC
626,24272,ASHLAND INC NEW
628,24328,E Q T CORP
629,24360,KEYSPAN CORP
630,24459,PITNEY BOWES INC
631,24539,QUAKER OATS CO
632,24555,AMALGAMATED SUGAR CO
634,24563,T X U CORP
635,24571,CITIES SERVICE CO
636,24627,MISSOURI PACIFIC CORP
638,24635,KAISERTECH LTD DE
642,24643,HOWMET AEROSPACE INC
643,24678,WARNER LAMBERT CO
644,24707,CONE MILLS CORP
646,24715,MAXUS ENERGY CORP
648,24766,NORTHROP GRUMMAN CORP
649,24803,WINN DIXIE STORES INC
651,24811,OWENS CORNING
652,24877,SOLVENTUM CORP
653,24878,G E VERNOVA INC
654,24942,RAYTHEON CO
656,24985,AMEREN CORP
657,25005,GRACE W R & CO
658,25013,SCHERING PLOUGH CORP
659,25022,COMCAST CORP
660,25056,ENSERCH CORP
661,25081,COMERICA INC
663,25099,INTEGRYS ENERGY GROUP INC
664,25146,SMURFIT WESTROCK PLC
665,25160,GREAT NORTHERN NEKOOSA CORP
666,25216,STAUFFER CHEMICAL CO
669,25232,ONEOK INC NEW
670,25267,ROYAL DUTCH PETROLEUM CO
672,25320,CAMPBELLS CO
673,25371,FEDERAL PAPER BOARD INC
674,25419,WHIRLPOOL CORP
675,25434,AMENTUM HOLDINGS INC
676,25478,CAMPBELL RED LAKE MINES LTD
678,25487,CENDANT CORP
679,25507,L T V CORP
680,25574,TRANE CO
682,25582,L3HARRIS TECHNOLOGIES INC
683,25611,STORER COMMUNICATIONS INC
684,25646,MCKESSON CORP
685,25662,AKZONA INC
686,25697,BECKMAN INSTRUMENTS INC
687,25718,KROEHLER MFG CO
688,25769,KERR MCGEE CORP
690,25778,C A INC
691,25785,FORD MOTOR CO DEL
693,25873,AMERIFIN CORP
694,25910,GERBER PRODUCTS CO
695,25953,DOVER CORP
696,25988,REVLON INC
698,26075,EASTERN ENTERPRISES
699,26112,DELTA AIR LINES INC
700,26120,GENERAL AMERICAN OIL CO TX
701,26286,IDEAL BASIC INDUSTRIES INC
702,26294,LITTON INDUSTRIES INC
703,26332,CONCORD E F S INC
705,26382,MASSEY ENERGY CO
707,26390,SMITHKLINE BECKMAN CORP
709,26403,DISNEY WALT CO
710,26438,POLAROID CORP
711,26497,MCLEAN TRUCKING CO
712,26518,BAUSCH & LOMB INC
714,26534,MCDERMOTT INC
715,26542,TENNECO INC
717,26550,FIRST INTERSTATE BANCORP
718,26622,CHAMPION SPARK PLUG CO
719,26649,A S A LTD
720,26657,GREAT ATLANTIC & PAC TEA INC
721,26681,UPJOHN CO
722,26710,LOEWS CORP
723,26729,MCDONNELL DOUGLAS CORP
724,26737,FRONTIER CORP
727,26788,TEXAS GAS RESOURCES CORP
729,26825,KELLANOVA
730,26884,RUBBERMAID INC
731,26921,U M C INDUSTRIES INC
732,27027,MACMILLAN INC
733,27043,VARIAN MEDICAL SYSTEMS INC
734,27051,A M P INC
735,27086,M C A INC
736,27087,BLOCKBUSTER ENTERTAINMENT CORP
737,27115,GREAT WESTERN FINANCIAL CORP
738,27174,JONATHAN LOGAN INC
739,27190,AMERICAN HOSPITAL SUPPLY CORP
740,27263,CORESTATES FINANCIAL CORP
741,27297,FIRST CHARTER FINL CORP
742,27342,COPELAND CORP
743,27422,CLIFFS NATURAL RESOURCES INC
744,27430,COOPER TIRE & RUBBER CO
745,27510,COCA COLA BOTTLING CO NY INC
749,27596,SALOMON INC
750,27633,RYDER SYSTEMS INC
754,27713,APPLIED BIOSYSTEMS INC DEL
755,27749,CROSS & TRECKER CORP
756,27756,QUESTAR CORP
757,27764,STRIDE RITE CORP
759,27828,H P INC
761,27887,BAXTER INTERNATIONAL INC
762,27924,HARCOURT BRACE JOVANOVICH INC
763,27940,TEXAS EASTERN CORP
766,27959,DUKE ENERGY CORP NEW
768,27983,XEROX HOLDINGS CORP
769,27991,PINNACLE WEST CAPITAL CORP
771,28118,NACCO INDUSTRIES INC
772,28134,BAKER INTERNATIONAL CORP
773,28222,AIR PRODUCTS & CHEMICALS INC
774,28310,UNILEVER N V
775,28345,MURPHY OIL CORP
776,28353,RALSTON PURINA CO
777,28388,VORNADO REALTY TRUST
778,28433,KAISER CEMENT CORP
780,28484,HESS CORP
781,28505,CHESEBROUGH PONDS INC
782,28548,TAFT BROADCASTING CO
783,28580,METROMEDIA INC
784,28804,ALASKA AIRGROUP INC
786,28847,U S AIRWAYS GROUP INC
788,29102,NABORS INDUSTRIES LTD
790,29196,NORAM ENERGY CORP
791,29911,BROWN CO
794,29946,BROWN FORMAN CORP
795,29962,FINANCIAL CORP AMER
797,30067,D S C COMMUNICATIONS CORP
799,30330,CAPITAL CITIES ABC INC
800,30365,CARNATION CO
801,30382,DOLLAR GENERAL CORP
802,30681,OMNICOM GROUP INC
803,30912,CORROON & BLACK CORP
804,30940,FLOWSERVE CORP
806,31536,ECHLIN INC
807,31659,EMERY AIR FGHT CORP
808,31763,FABERGE INC
809,32205,GIANT FOOD INC
810,32379,GREAT LAKES CHEM CORP
813,32475,PARAMOUNT COMMUNICATIONS INC
814,32563,HARNISCHFEGER INDUSTRIES INC
815,32707,HELMERICH & PAYNE INC
816,32791,WEATHERFORD INTL LTD
817,32803,HOLLYFRONTIER CORP
818,32870,HORMEL FOODS CORP
819,32942,HUBBELL INC
820,32986,ATMOS ENERGY CORP
821,33056,I N A CORP
823,33312,SUNAMERICA INC
824,33785,LORAL CORP
825,33814,LOUISIANA LAND & EXPLORATION CO
826,33873,MACKE CO
827,34024,MARYLAND CUP CORP
828,34032,MASCO CORP
830,34040,VARITY CORP
831,34147,M A COM INC
832,34746,FIFTH THIRD BANCORP
833,34817,NUCOR CORP
834,34833,OCCIDENTAL PETROLEUM CORP
835,34841,OGDEN CORP
837,35044,REGIONS FINANCIAL CORP NEW
838,35051,PALL CORP
839,35166,PEABODY INTERNATIONAL CORP
840,35211,PENNZOIL CO
841,35238,PEP BOYS MANNY MOE & JACK
842,35554,M & T BANK CORP
843,36003,ROLLINS INC
844,36127,FIRSTAR CORP NEW WIS
846,36397,FIRST HORIZON NATIONAL CORP
847,36468,SHERWIN WILLIAMS CO
849,36469,WACHOVIA CORP 2ND NEW
850,36505,SIGNAL COMPANIES INC
851,36978,STONE CONTAINER CORP
852,37065,SUPERMARKETS GENERAL CORP
853,37102,SYNTEX CORP
854,37161,T E C O ENERGY INC
856,37284,ANDEAVOR
857,37584,FRANKLIN RESOURCES INC
858,38041,WHEELABRATOR FRYE INC
859,38093,GALLAGHER ARTHUR J & CO
860,38156,WILLIAMS COS
861,38280,GENENTECH INC
862,38324,HEUBLEIN INC
863,38455,HOWARD JOHNSON CO
864,38551,WARNER COMMUNICATIONS INC
865,38578,THOMAS & BETTS CORP
866,38682,DONNELLEY R R & SONS CO
869,38703,WELLS FARGO & CO NEW
870,38762,NISOURCE INC
871,38850,SKYLINE CORP
872,38893,COASTAL CORP
874,38914,CERIDIAN CORP
876,38973,WHITMAN CORP
879,39087,SPRINT NEXTEL CORP
880,39140,COLEMAN INC
881,39300,NORTON CO
883,39335,CONTINENTAL TELECOM INC
884,39394,OVERNITE TRANSPORTATION CO
886,39490,A P A CORP
887,39538,MATTEL INC
888,39626,WARNER & SWASEY CO
889,39642,BECTON DICKINSON & CO
891,39669,HOLIDAY CORP
892,39765,HANDLEMAN CO
893,39896,SANTA FE INTERNATIONAL CORP
894,39917,WEYERHAEUSER CO
895,39992,PUREX INDUSTRIES INC
896,40010,SEARLE G D & CO
897,40053,LUCKY STORES INC
898,40061,TEKTRONIX INC
900,40125,D X C TECHNOLOGY CO
901,40141,ECKERD JACK CORP
902,40221,TONKA CORP
903,40272,INTERNATIONAL FLAVORS & FRAG INC
904,40301,WALTER JIM CORP
905,40352,CARTER HAWLEY HALE STORES INC
906,40416,AVON PRODUCTS INC
908,40483,TIME WARNER INC
909,40484,H B O & CO
911,40539,T J X COMPANIES INC NEW
912,40635,TIMES MIRROR CO
914,40723,S F N COMPANIES INC
915,40790,KOEHRING CO
917,40838,HARCOURT GENERAL INC
919,40854,COX COMMUNICATION INC
921,41080,CUMMINS INC
922,41081,SHAWMUT NATIONAL CORP
923,41179,NALCO CHEMICAL CO
924,41355,PARKER HANNIFIN CORP
925,41427,WEST POINT PEPPERELL INC
926,41443,ALLTEL CORP
927,41478,HOBART CORP
928,41486,REDMAN INDUSTRIES INC
929,41523,TEXAS OIL & GAS CORP
930,41662,REVCO D S INC
931,41718,CHASE MANHATTAN CORP
932,41929,CONSOLIDATED FREIGHTWAYS INC
934,42024,OFFICEMAX INC NEW
935,42083,ALBERTO CULVER CO
936,42104,JOSTENS INC
939,42200,REVVITY INC
940,42462,THRIFTY CORP
941,42526,DENNYS INC
942,42534,JOHNSON CONTROLS INC
943,42550,ETHYL CORP
944,42585,SMUCKER J M CO
945,42606,BROWN & SHARPE MFG CO
946,42753,PHILIPS INDUSTRIES INC
947,42796,MEREDITH CORP
948,42833,PACIFICORP
949,42877,HUNT J B TRANSPORT SERVICES INC
950,42906,HUNTINGTON BANCSHARES INC
951,42999,SANDERS ASSOCIATES INC
954,43123,ALLEGHENY TECHNOLOGIES
955,43132,HYSTER CO
956,43298,I M S INTERNATIONAL INC
957,43318,LEASEWAY TRANSPORTATION CORP
958,43342,E SYSTEMS INC
960,43350,STANLEY BLACK & DECKER INC
961,43449,MCDONALDS CORP
962,43502,CROUSE HINDS CO
963,43510,MILTON BRADLEY CO
964,43553,V F CORP
965,43610,IMMUNEX CORP NEW
966,43772,BEMIS CO INC
967,43916,DIGITAL EQUIPMENT CORP
969,44062,SPRINGS INDUSTRIES INC
971,44206,EVERSOURCE ENERGY
972,44273,BLUE BELL INC
973,44329,TELEFLEX INC
974,44505,GIDDINGS & LEWIS INC
976,44601,AVERY DENNISON CORP
977,44644,AUTOMATIC DATA PROCESSING INC
978,44652,AMERICAN STORES CO NEW
979,44792,INTERGRAPH CORP
981,44951,SUPERVALU INC
982,45014,RAMADA INNS INC
983,45065,MESA PETROLEUM CO
984,45081,SCHLITZ JOS BREWING CO
985,45241,FOREST LABS INC
986,45277,INTERNATIONAL GAME TECHNOLOGY
993,45356,JOHNSON CONTROLS INTL PLC
994,45428,GLOBAL MARINE INC
996,45495,ROWAN COMPANIES PLC
997,45604,SQUIBB CORP
998,45671,SCIENTIFIC ATLANTA INC
999,45751,MARSH & MCLENNAN COS INC
1000,45794,SMITH INTERNATIONAL INC
1001,45911,SKYWORKS SOLUTIONS INC
1002,45970,ZURN INDUSTRIES INC
1003,46228,READING & BATES CORP
1004,46252,IOWA BEEF PROCESSORS INC
1005,46288,J W P INC
1006,46295,FLEETWOOD ENTERPRISES INC
1007,46391,HOUSTON NATURAL GAS CORP
1008,46447,NORTON SIMON INC
1009,46544,JERRICO INC
1010,46578,CLOROX CO
1011,46594,USLIFE CORP
1012,46658,CONTINENTAL CORP
1013,46674,GENUINE PARTS CO
1014,46682,SANTA FE INDS INC
1016,46703,HOST HOTELS & RESORTS INC
1017,46754,AMERICAN MEDICAL INTL INC
1019,46850,AETNA INC
1020,46877,BARD C R INC
1022,46886,K L A CORP
1023,46922,RITE AID CORP
1024,47028,NATIONAL EDUCATION CORP
1026,47052,CENTEL CORP
1027,47079,CITICORP
1031,47159,FLEETBOSTON FINANCIAL CORP
1032,47175,CIRCUIT CITY STORES INC
1033,47271,FLEMING COMPANIES INC
1034,47300,TRAVELERS CORP
1035,47466,NEW YORK TIMES CO
1036,47490,RUSSELL CORP
1037,47626,C N A FINANCIAL CORP
1038,47837,MARION LABS INC
1043,47896,JPMORGAN CHASE & CO
1045,47941,TEGNA INC
1046,47992,BEVERLY ENTERPRISES
1047,48071,MORGAN J P & CO INC
1048,48223,MANUFACTURERS HANOVER CORP
1050,48267,L S I CORP NEW
1051,48274,NICOR INC
1053,48354,BANKERS TRUST CORP
1055,48397,AMERICAN GENERAL CORP
1056,48434,IDEAL TOY CORP
1057,48485,JEFFERSON PILOT CORP
1058,48486,LAM RESH CORP
1061,48506,MOODYS CORP
1063,48514,IKON OFFICE SOLUTIONS INC
1064,48549,SEDCO INC
1065,48565,U S HOME CORP
1066,48653,HUMANA INC
1067,48725,UNION PACIFIC CORP
1069,48960,KNIGHT RIDDER INC
1070,49015,LINCOLN NATIONAL CORP
1072,49154,TARGET CORP
1073,49373,BLOCK H & R INC
1075,49429,DILLARDS INC
1076,49606,LIN BROADCASTING CORP
1078,49656,BANK OF NEW YORK MELLON CORP
1079,49680,DANAHER CORP
1080,49744,POTLATCH CORP
1081,49905,LIZ CLAIBORNE INC
1082,49920,GINOS INC
1083,50017,RANGE RESOURCES CORP
1084,50024,WELLS FARGO & CO NEW
1085,50032,ALBERTSONS INC
1086,50156,LOTUS DEVELOPMENT CORP
1087,50200,WACHOVIA CORP NEW
1089,50227,BURLINGTON NORTHERN SANTA FE CP
1090,50404,M C I COMMUNICATIONS CORP
1091,50534,BELDEN CORP
1092,50737,BROCKWAY INC NY
1093,50876,LILLY ELI & CO
1094,50905,HARLAND JOHN H CO
1095,50906,A D C TELECOMMUNICATIONS INC
1097,50956,U S F & G CORP
1098,51043,FEDERAL NATIONAL MORTGAGE ASSN
1099,51263,MANITOWOC CO INC
1100,51369,TERADYNE INC
1101,51377,NATIONAL SEMICONDUCTOR CORP
1102,51561,HOSPITAL CORP AMERICA
1103,51588,SUMMIT BANCORP
1104,51596,KINDER MORGAN INC KANSAS
1105,51625,SERVICE CORP INTERNATIONAL
1107,51706,MARSHALL & ILSLEY CORP NEW
1110,51772,BANKBOSTON CORP
1111,51799,MAYER OSCAR & CO INC DE
1112,52038,SYSCO CORP
1113,52062,RYAN HOMES INC
1114,52070,ELECTRONIC DATA SYS CORP
1115,52090,MCCORMICK & CO INC
1117,52230,ROBERT HALF INC
1119,52329,JACOBS SOLUTIONS INC
1121,52337,TENET HEALTHCARE CORP
1122,52476,EQUIFAX INC
1123,52505,FIRST FIDELITY BANCORP NEW
1124,52564,LEVI STRAUSS & CO
1125,52695,GRAINGER W W INC
1126,52708,LENNAR CORP
1127,52821,MERCANTILE BANCORPORATION INC
1128,52919,MERRILL LYNCH & CO INC
1131,52978,HASBRO INC
1132,53065,INTERPUBLIC GROUP COS INC
1134,53081,PROVIDIAN CORP
1136,53225,GRAHAM HOLDINGS CO
1137,53401,COMMUNITY PSYCHIATRIC CENTERS
1138,53479,GOLDEN WEST FINANCIAL CORP
1139,53612,LONGS DRUG STORES INC
1140,53613,MICRON TECHNOLOGY INC
1141,53786,BROWNING FERRIS INDUSTRIES INC
1142,53831,CENTEX CORP
1143,53858,FIRST CHICAGO CORP
1144,53866,FAMILY DOLLAR STORES INC
1145,53903,FIRST PENNSYLVANIA CORP
1146,53938,REPUBLIC NEW YORK CORP
1151,54148,PULTE GROUP INC
1152,54181,MILLIPORE CORP
1153,54447,PRIME MOTOR INNS INC
1154,54463,PAINE WEBBER GROUP INC
1155,54615,N L T CORP
1156,54690,STARWOOD HOTELS & REST WLDWD INC
1158,54754,FORT HOWARD CORP
1159,54827,MOLEX INC
1160,55079,MORRISON KNUDSEN CORP
1162,55212,S P X CORP
1163,55351,SOUTHLAND CORP
1164,55386,ENVIROTECH CORP
1165,55685,HOUSTON OIL & MINERALS CORP
1167,55976,WALMART INC
1168,56186,S C A SERVICES INC
1169,56223,LOUISIANA PACIFIC CORP
1170,56232,NATIONAL CITY CORP
1171,56266,AHMANSON H F & CO
1173,56274,CONAGRA BRANDS INC
1175,56450,FIRST CHICAGO N B D CORP
1176,56485,HUGHES TOOL CO
1177,56573,ILLINOIS TOOL WORKS INC
1179,56805,INTERFIRST CORP
1180,56864,HEILEMAN G BREWING INC
1181,57234,TRACOR INC
1182,57250,CONTINENTAL ILL CORP
1185,57381,WASTE MANAGEMENT INC NEW
1186,57488,BEKER INDUSTRIES CORP
1187,57568,BALL CORP
1188,57592,DATA GENERAL CORP
1189,57665,NIKE INC
1190,57809,NORDSON CORP
1191,57817,NORDSTROM INC
1192,57904,AFLAC INC
1193,58085,WESTERN COMPANY OF NORTH AMERICA
1194,58093,TEXAS COMMERCE BANCSHARES INC
1195,58094,NORTH FORK BANCORPORATION NY INC
1196,58246,NORTHERN TRUST CORP
1197,58296,FIRST MISSISSIPPI CORP
1198,58318,TEREX CORP NEW
1200,58413,FEDERAL REALTY INVESTMENT TR NEW
1201,58464,STORAGE TECHNOLOGY CORP
1202,58472,TRANSCO ENERGY CO
1204,58480,BALLY ENTERTAINMENT CORP
1205,58596,NOXELL CORP
1208,58640,NORTEL NETWORKS CORP NEW
1209,58683,SOUTHWEST AIRLINES CO
1210,58819,ALLIANT ENERGY CORP
1211,58827,BANKAMERICA CORP
1212,58990,DOW JONES & CO INC
1213,59010,GAP INC
1214,59176,AMERICAN EXPRESS CO
1215,59184,ANHEUSER BUSCH COS INC
1216,59192,CHUBB CORP
1217,59205,CHURCHS FRIED CHICKEN INC
1219,59221,CONNECTICUT GENERAL CORP
1222,59248,MOLSON COORS BEVERAGE CO
1223,59300,U D R INC
1224,59328,INTEL CORP
1225,59345,OLD KENT FINANCIAL CORP
1228,59379,MELLON FINANCIAL CORP
1232,59408,BANK OF AMERICA CORP
1233,59416,PABST BREWING CO
1236,59432,CALIBER SYSTEM INC
1237,59440,SAFECO CORP
1240,59459,TRAVELERS COMPANIES INC
1241,59467,WESTMORELAND COAL CO
1244,59483,YELLOW CORP
1245,59707,DATAPOINT CORP
1246,59811,TYMSHARE INC
1247,59926,MANOR CARE INC
1248,60046,AMDAHL CORP
1250,60097,MEDTRONIC PLC
1252,60206,SNAP ON INC
1253,60337,PRIME COMPUTER INC
1254,60441,MIRAGE RESORTS INC
1257,60442,P N C FINANCIAL SERVICES GRP INC
1258,60506,PACCAR INC
1259,60572,ROLM CORP
1263,60599,LUMEN TECHOLOGIES INC
1266,60628,FEDEX CORP
1267,60839,SECURITY PACIFIC CORP
1268,60871,ANALOG DEVICES INC
1269,60900,COMPUTERVISION CORP
1270,60943,LEGGETT & PLATT INC
1273,60986,NEWELL BRANDS INC
1274,61065,TOYS R US INC
1275,61241,ADVANCED MICRO DEVICES INC
1277,61284,BARNETT BANKS INC
1278,61399,LOWES COMPANIES INC
1279,61516,BIO RAD LABORATORIES INC
1281,61583,FORT JAMES CORP
1282,61621,PAYCHEX INC
1283,61663,TOSCO CORP
1286,61735,AON PLC NEW
1288,61743,DELUXE CORP
1290,61794,M G M U A ENTERTAINMENT CO
1291,61815,NOBLE ENERGY INC
1293,61890,WALKER HIRAM RES LTD
1295,61970,KRAFT INC NEW
1297,62092,THERMO FISHER SCIENTIFIC INC
1298,62148,C S X CORP
1299,62164,CRAY RESEARCH INC
1300,62252,GENERAL RE CORP
1302,62308,GLOBE LIFE INC
1303,62324,MOORE CORP LTD
1304,62498,WEST PHARMACEUTICAL SERVICES INC
1305,62519,E N S C O INTERNATIONAL INC
1306,62770,AMSOUTH BANCORPORATION
1307,62834,ENGELHARD CORP
1308,63060,WENDYS INTERNATIONAL INC
1309,63096,PIONEER HI BRED INTL INC
1311,63108,C N W CORP
1312,63255,NABISCO BRANDS INC
1313,63467,BROWN & BROWN INC
1314,63765,SOUTHWESTERN ENERGY CO
1315,63802,UNITED CABLE TELEVISION
1316,63830,PRECISION CASTPARTS CORP
1317,63845,ALEXANDER & ALEXANDER SVCS INC
1318,64020,LUBYS CAFETERIAS INC
1319,64064,PRICE CO
1323,64186,CIGNA GROUP
1324,64207,CULLINET SOFTWARE INC
1328,64282,BATH & BODY WORKS INC
1329,64311,NORFOLK SOUTHERN CORP
1330,64346,RAYCHEM CORP
1331,64390,PROGRESSIVE CORP OH
1332,64451,ARCHSTONE SMITH TRUST
1333,64477,ROLLINS ENVIRONMENTAL SVCS INC
1334,64531,PROVIDENT COMPANIES INC
1336,64565,COUNTRYWIDE FINANCIAL CORP
1337,64629,MCDERMOTT INTERNATIONAL INC
1339,64653,PUBLIC STORAGE
1340,64856,ALZA CORP
1343,64936,DOMINION ENERGY INC
1345,64995,KEYCORP NEW
1346,65066,SAFETY KLEEN CORP
1348,65138,BANK ONE CORP
1349,65330,LEGG MASON INC
1350,65402,SMITH A O CORP
1351,65541,COOPER COMPANIES INC
1352,65568,ECHO BAY MINES LTD
1353,65787,TRIBUNE COMPANY NEW
1354,65816,WANG LABORATORIES INC
1356,65859,AMERITECH CORP
1358,65875,VERIZON COMMUNICATIONS INC
1359,65883,BELLSOUTH CORP
1361,65947,WELLTOWER INC
1362,66018,NYNEX CORP
1363,66026,PACIFIC TELESIS GROUP
1365,66069,SANTA FE PAC CORP
1368,66093,A T & T INC
1369,66114,TEMPLE INLAND INC
1371,66122,U S WEST INC NEW
1373,66157,U S BANCORP DEL
1374,66181,HOME DEPOT INC
1377,66325,S L M CORP
1378,66384,WESTERN DIGITAL CORP
1379,66800,AMERICAN INTERNATIONAL GROUP INC
1381,67467,BIG LOTS INC
1382,67571,GREEN TREE FINANCIAL CORP
1384,67598,HEALTHPEAK PROPERTIES INC
1385,68049,RYANS FAMILY STEAK HOUSES INC
1386,68144,SUNTRUST BANKS INC
1387,68304,BEAR STEARNS COMPANIES INC
1388,68347,COMPAQ COMPUTER CORP
1389,68591,ST JUDE MEDICAL INC
1390,68857,CABLEVISION SYSTEMS CORP
1391,69024,LORIMAR TELEPICTURES CORP
1394,69032,MORGAN STANLEY DEAN WITTER & CO
1397,69550,MYLAN N V
1398,69607,SEAGATE TECHNOLOGY INC
1399,69649,RAYMOND JAMES FINANCIAL INC
1400,69796,CONSTELLATION BRANDS INC
1401,70033,HARLEY DAVIDSON INC
1403,70092,K B HOME
1404,70229,SHARED MEDICAL SYSTEMS CORP
1405,70308,AIRGAS INC
1406,70332,ANADARKO PETROLEUM CORP
1407,70376,SHONEYS INC
1409,70500,COCA COLA ENTERPRISES INC NEW
1415,70519,CITIGROUP INC
1416,70536,SIGMA ALDRICH CORP
1417,70578,ECOLAB INC
1418,71001,PREMARK INTERNATIONAL INC
1421,71175,UNUM GROUP
1423,71298,BARRICK GOLD CORP
1425,71563,TRUIST FINANCIAL CORP
1426,71686,SOUTHTRUST CORP
1428,71765,CONRAIL INC
1429,71889,SOVRAN FINANCIAL CORP
1430,71984,FRUIT OF THE LOOM INC
1431,72726,STATE STREET CORP
1432,73139,STRYKER CORP
1433,73940,SYMBOL TECHNOLOGIES INC
1434,74617,TANDEM COMPUTERS INC
1436,75030,TELE COMMUNICATIONS INC NEW
1439,75034,BAKER HUGHES CO
1440,75100,TIFFANY & CO NEW
1441,75107,ABIOMED INC
1442,75154,CARNIVAL CORP
1443,75175,M B I A INC
1444,75181,PLACER DOME INC
1445,75186,SCHWAB CHARLES CORP NEW
1446,75224,HARMAN INTL INDS INC NEW
1447,75241,PIONEER NATURAL RESOURCES CO
1448,75257,TELLABS INC
1449,75333,BURLINGTON RESOURCES INC
1450,75341,DUKE REALTY CORP
1452,75423,ORYX ENERGY CO
1453,75489,STAPLES INC
1455,75510,ADOBE INC
1456,75573,OFFICE DEPOT INC
1457,75577,ALTERA CORP
1458,75591,IDEX CORP
1459,75592,PLUM CREEK TIMBER CO INC
1462,75607,GEN DIGITAL INC
1463,75625,CABLETRON SYSTEMS INC
1464,75646,ALLERGAN INC
1466,75647,MORTON INTERNATIONAL INC NEW
1467,75694,BIO TECHNE CORP
1468,75789,FEDERAL HOME LOAN MORTGAGE CORP
1469,75819,VENTAS INC
1470,75825,EOG RESOURCES INC
1471,75828,ELECTRONIC ARTS INC
1472,75857,SOLECTRON CORP
1474,75912,P T C INC
1475,76070,GIDDINGS & LEWIS INC WIS
1476,76076,CISCO SYSTEMS INC
1478,76082,COTERRA ENERGY INC
1480,76090,HARRAHS ENTERTAINMENT INC
1481,76095,HOLOGIC INC
1482,76122,SANTA FE ENERGY RESOURCES INC
1483,76129,3COM CORP
1484,76149,SAFEWAY INC
1488,76171,H C A INC NEW
1489,76185,TYLER TECHNOLOGIES INC
1490,76201,XILINX INC
1494,76226,PARAMOUNT GLOBAL
1495,76230,TRIMBLE INC
1496,76240,B J SERVICES CO
1497,76282,AUTONATION INC DEL
1498,76285,C & S SOVRAN CORP
1499,76512,LAIDLAW INC
1500,76557,M B N A CORP
1501,76563,MEYER FRED INC DEL
1502,76565,HEALTH MANAGEMENT ASSOCIATES INC
1504,76597,NABISCO GROUP HOLDING CORP
1505,76605,AUTOZONE INC
1506,76608,PET INC NEW
1507,76614,REGENERON PHARMACEUTICALS INC
1508,76619,COVENTRY HEALTH CARE INC
1509,76624,P M C SIERRA INC
1510,76625,CEPHALON INC
1511,76638,JONES APPAREL GROUP INC
1512,76639,TOTAL SYSTEM SERVICES INC
1514,76644,UNITED STATES STEEL CORP NEW
1515,76656,MEDIMMUNE INC
1516,76708,DEVRY INC DEL
1517,76709,I D E X X LABORATORIES INC
1518,76712,A E S CORP
1519,76744,VERTEX PHARMACEUTICALS INC
1520,76754,BAY NETWORKS INC
1521,76757,AMBAC FINANCIAL GROUP INC
1522,76795,ZEBRA TECHNOLOGIES CORP
1523,76804,M G I C INVESTMENT CORP WIS
1526,76841,BIOGEN INC
1527,76887,ALLIED WASTE INDUSTRIES INC
1528,77037,OLD DOMINION FREIGHT LINE INC
1531,77063,MANOR CARE INC NEW
1532,77129,KIMCO REALTY CORP
1533,77150,FISHER SCIENTIFIC INTL INC
1534,77157,OWENS ILL INC
1535,77173,VITESSE SEMICONDUCTOR CORP
1536,77178,QUALCOMM INC
1538,77182,PERRIGO CO PLC
1539,77274,GILEAD SCIENCES INC
1540,77281,WHOLE FOODS MARKET INC
1541,77284,NEXTEL COMMUNICATIONS INC
1543,77338,ROPER TECHNOLOGIES INC
1544,77357,SYNOPSYS INC
1547,77418,TIME WARNER INC NEW
1549,77462,MACYS INC
1551,77481,EL PASO CORP
1552,77496,MOHAWK INDUSTRIES INC
1553,77546,FIRST DATA CORP
1554,77605,BOSTON SCIENTIFIC CORP
1555,77606,KOHLS CORP
1558,77644,GENERAL INSTRUMENT CORP DEL
1559,77649,STERIS PLC NEW
1560,77659,BED BATH & BEYOND INC
1561,77661,D R HORTON INC
1563,77668,EXPRESS SCRIPTS HOLDING CO
1564,77702,STARBUCKS CORP
1565,77730,TYSON FOODS INC
1566,77768,PRAXAIR INC
1567,77976,MCAFEE INC
1568,78034,PATTERSON COMPANIES INC
1569,78083,PEOPLESOFT INC
1570,78139,COMPUWARE CORP
1571,78263,UNION PLANTERS CORP
1572,78788,H F S INC
1573,78840,IAC INTERACTIVECORP
1574,78877,CHESAPEAKE ENERGY CORP
1578,78916,ALLERGAN PLC
1579,78927,DEVELOPERS DIVERSIFIED RLTY CORP
1580,78946,DEAN WITTER DISCOVER & CO
1581,78968,UNITED STATES BANCORP
1582,78975,INTUIT INC
1583,78987,MICROCHIP TECHNOLOGY INC
1584,79041,GALEN HEALTH CARE INC
1587,79057,CHUBB LTD
1589,79089,FOSSIL GROUP INC
1591,79094,JABIL INC
1593,79103,O REILLY AUTOMOTIVE INC NEW
1595,79108,SANMINA SCI CORP
1596,79119,UNITED STATES HEALTHCARE INC
1599,79129,G G P INC
1600,79145,ROYAL CARIBBEAN CRUISES LTD
1601,79212,X T O ENERGY INC
1606,79237,TRANSOCEAN LTD
1607,79250,UNITED STATES SURGICAL CORP
1608,79265,FLIR SYSTEMS INC
1609,79323,ALLSTATE CORP
1610,79411,PETSMART INC
1611,79452,CAMDEN PROPERTY TRUST
1612,79545,BORGWARNER INC
1614,79547,EQUITY RESIDENTIAL
1616,79588,KEURIG GREEN MOUNTAIN INC
1617,79637,UNIVERSAL HEALTH SERVICES INC
1618,79678,ACTIVISION BLIZZARD INC
1619,79686,DECKERS OUTDOOR CORP
1620,79698,GARTNER INC
1621,79718,MERCURY INTERACTIVE CORP
1623,79764,MARRIOTT INTERNATIONAL INC NEW
1624,79782,REGENCY CENTERS CORP
1625,79785,N V R INC
1626,79879,J D S UNIPHASE CORP
1627,79881,URBAN OUTFITTERS INC
1628,79906,INCYTE CORP
1629,79915,NEWFIELD EXPLORATION CO
1631,79973,GATEWAY INC
1632,80055,VERITAS SOFTWARE CORP
1633,80080,EASTMAN CHEMICAL CO
1635,80094,AIRTOUCH COMMUNICATIONS
1636,80100,SIMON PROPERTY GROUP INC NEW
1637,80183,MID AMERICA APT COMMUNITIES INC
1638,80191,ALBEMARLE CORP
1639,80204,MARTIN MARIETTA MATERIALS INC
1640,80266,QLOGIC CORP
1641,80286,TRACTOR SUPPLY CO NEW
1642,80303,A K STEEL HOLDING CORP
1643,80320,COPART INC
1644,80381,AVALONBAY COMMUNITIES INC
1645,80399,MACERICH CO
1646,80406,PROLOGIS
1647,80410,WESTERN ATLAS INC
1648,80470,QUINTILES TRANSNATIONAL CORP
1649,80506,ASCEND COMMUNICATIONS INC
1650,80515,RATIONAL SOFTWARE CORP
1651,80539,NEKTAR THERAPEUTICS
1652,80563,PENN NATIONAL GAMING INC
1653,80599,LEHMAN BROTHERS HOLDINGS INC
1654,80678,CASE CORP
1655,80681,ESSEX PROPERTY TRUST INC
1656,80694,SANTA FE PACIFIC GOLD CORP
1657,80711,APARTMENT INVESTMENT & MGMT CO
1658,80913,AFFILIATED COMPUTER SERVICES INC
1659,81045,REALTY INCOME CORP
1660,81055,CAPITAL ONE FINANCIAL CORP
1662,81061,MCKESSON H B O C INC
1663,81126,GUIDANT CORP
1664,81138,APOLLO GROUP INC
1665,81193,TIMES MIRROR CO NEW
1666,81262,CAREMARK RX INC
1668,81285,TRANE INC
1669,81481,DOLLAR TREE INC
1672,81540,CENCORA INC
1673,81593,WASHINGTON MUTUAL INC
1674,81655,DARDEN RESTAURANTS INC
1675,81677,WABTEC CORP
1676,81696,DISH NETWORK CORP
1677,81736,RESMED INC
1679,81774,FREEPORT MCMORAN INC
1680,81776,M E M C ELECTRONIC MATERIALS INC
1681,81857,CAMERON INTERNATIONAL CORP
1682,82196,DENBURY RESOURCES INC
1683,82276,ARCH CAPITAL GROUP LTD NEW
1684,82298,DIAMOND OFFSHORE DRILLING INC
1686,82303,EVEREST GROUP LTD
1688,82307,DAVITA HEALTHCARE PARTNERS INC
1689,82308,UNION PACIFIC RES GROUP INC
1690,82486,ERIE INDEMNITY CO
1691,82515,POOL CORP
1692,82581,SCHEIN HENRY INC
1694,82598,NETAPP INC
1695,82618,SANDISK CORP
1696,82642,LAUDER ESTEE COS INC
1698,82643,LEXMARK INTERNATIONAL INC NEW
1699,82647,PHARMACIA & UPJOHN INC
1700,82651,WATERS CORP
1701,82686,CITRIX SYSTEMS INC
1702,82705,WETTERAU INC
1704,82775,HARTFORD FINANCIAL SVCS GRP INC
1705,82776,I T T CORP NEV
1706,82959,WILLAMETTE INDUSTRIES INC
1707,83111,ALEXION PHARMACEUTICALS INC
1709,83143,IRON MOUNTAIN INC NEW
1710,83332,LUCENT TECHNOLOGIES INC
1711,83413,SAPIENT CORP
1712,83421,DEAN FOODS CO NEW
1713,83435,YAHOO INC
1714,83440,ASSOCIATES FIRST CAPITAL CORP
1715,83443,BERKSHIRE HATHAWAY INC DEL
1716,83462,TUPPERWARE CORP
1717,83583,WELLPOINT HEALTH NETWRKS INC NEW
1718,83596,ELECTRONIC DATA SYS CORP NEW
1719,83597,FACTSET RESEARCH SYSTEMS INC
1720,83601,WORTHINGTON INDUSTRIES INC
1721,83621,ANSYS INC
1722,83630,BROADVISION INC
1723,83693,SIEBEL SYSTEMS INC
1724,83699,TITANIUM METALS CORP
1725,83862,E TRADE FINANCIAL CORP
1726,83906,STERICYCLE INC
1727,83976,ABERCROMBIE & FITCH CO
1728,83981,CALPINE CORP
1729,83988,GRACE W R & CO DEL
1730,84001,UNIVISION COMMUNICATIONS INC
1732,84020,I M S HEALTH INC
1735,84032,N O V INC
1736,84036,SABRE HOLDINGS CORP
1738,84129,ZIONS BANCORPORATION N A
1739,84176,SCRIPPS E W CO OHIO
1740,84262,STEEL DYNAMICS INC
1742,84342,MONSTER WORLDWIDE INC
1743,84372,N C R CORP NEW
1744,84373,QUEST DIAGNOSTICS INC
1745,84375,TENNECO INC NEW
1747,84381,ROCKWELL AUTOMATION INC
1748,84519,CIENA CORP
1749,84761,TAKE TWO INTERACTIVE SOFTWR INC
1750,84767,ALEXANDRIA REAL EST EQUITIES INC
1751,84769,AMPHENOL CORP NEW
1752,84788,AMAZON COM INC
1753,85032,QWEST COMMUNICATIONS INTL INC
1754,85035,QORVO INC
1756,85058,BXP INC
1758,85072,RALPH LAUREN CORP
1759,85073,PROVIDIAN FINANCIAL CORP
1760,85238,EQUITY OFFICE PROPERTIES TRUST
1761,85257,AMETEK INC NEW
1762,85265,S L GREEN REALTY CORP
1763,85269,VALERO ENERGY CORP NEW
1765,85271,AMERICAN CAPITAL LTD
1767,85348,YUM BRANDS INC
1768,85459,CH ROBINSON WORLDWIDE INC
1769,85516,POWER ONE INC
1770,85522,APPLIED MICRO CIRCUITS CORP
1772,85592,PROLOGIS INC
1773,85593,AFFILIATED MANAGERS GROUP INC
1774,85599,C I T GROUP INC
1775,85621,METTLER TOLEDO INTERNATIONAL INC
1776,85631,AUTODESK INC
1777,85663,UNITED RENTALS INC
1779,85675,ENVISION HEALTHCARE CORP
1780,85753,VERISIGN INC
1781,85792,QUANTA SERVICES INC
1782,85869,BATTLE MOUNTAIN GOLD CO
1783,85908,GRACE W R & CO DEL NEW
1784,85913,MARRIOTT INTERNATIONAL INC NEW
1785,85914,BEST BUY COMPANY INC
1786,85926,SEALED AIR CORP NEW
1787,85963,BROADCOM CORP
1788,85991,LEVEL 3 COMMUNICATIONS INC
1790,86021,L 3 TECHNOLOGIES INC
1791,86041,YOUNG & RUBICAM INC
1792,86102,FEDERATED INVESTORS INC PA
1794,86111,AMERICAN TOWER CORP NEW
1795,86136,SEMPRA ENERGY
1796,86158,COGNIZANT TECHNOLOGY SOLS CORP
1797,86176,KING PHARMACEUTICALS INC
1798,86228,REPUBLIC SERVICES INC
1799,86288,COSTAR GROUP INC
1800,86305,CONVERGYS CORP
1803,86314,X L GROUP LTD
1804,86326,GLOBAL CROSSING LTD
1807,86339,CROWN CASTLE INC
1808,86356,EBAY INC
1809,86496,CONEXANT SYSTEMS INC
1810,86580,NVIDIA CORP
1812,86591,DELPHI CORP
1814,86725,LIFE TECHNOLOGIES CORP
1815,86756,PEPSI BOTTLING GROUP INC
1818,86783,BOOKING HOLDINGS INC
1819,86799,CONSOL ENERGY INC
1820,86845,COMMERCE BANCORP INC NJ
1821,86868,GOLDMAN SACHS GROUP INC
1823,86946,REYNOLDS AMERICAN INC
1825,86964,F 5 INC
1826,86976,CONSECO INC
1827,86979,JUNIPER NETWORKS INC
1828,86996,S B A COMMUNICATIONS CORP NEW
1829,87029,CONOCO INC
1830,87034,LENNOX INTERNATIONAL INC
1834,87055,COSTCO WHOLESALE CORP NEW
1835,87070,HUDSON CITY BANCORP INC
1837,87127,CYPRUS AMAX MINERALS CO
1838,87137,DEVON ENERGY CORP NEW
1839,87184,RED HAT INC
1841,87267,BLACKROCK INC NEW
1842,87292,PACTIV CORP
1843,87299,AKAMAI TECHNOLOGIES INC
1844,87432,AGILENT TECHNOLOGIES INC
1845,87445,TELEDYNE TECHNOLOGIES
1846,87447,UNITED PARCEL SERVICE INC
1847,87536,HANCOCK JOHN FINANCIAL SVCS INC
1848,87541,PACKAGING CORP AMERICA
1849,87657,EDWARDS LIFESCIENCES CORP
1850,87717,EXPEDITORS INTERNATIONAL WA INC
1851,87800,PALM INC
1852,87842,METLIFE INC
1854,88031,MONSTER BEVERAGE CORP NEW
1855,88182,ON SEMICONDUCTOR CORP
1856,88281,CHARLES RIVER LABS INTL INC
1858,88313,JANUS CAP GROUP INC
1859,88319,VISTEON CORP
1860,88352,INTUITIVE SURGICAL INC
1861,88388,MEDIAONE GROUP INC
1862,88436,ENDO INTERNATIONAL PLC
1863,88446,ILLUMINA INC
1864,88587,AVAYA INC
1865,88590,DUN & BRADSTREET CORP DEL NEW
1866,88601,MIRANT CORP
1868,88661,TAPESTRY INC
1869,88664,HENRY JACK & ASSOC INC
1870,88668,MONSANTO CO NEW
1871,88837,GARMIN LTD
1872,88845,AETNA INC NEW
1873,88853,FLUOR CORP NEW
1874,88860,ALIGN TECHNOLOGY INC
1875,88873,GLOBAL PAYMENTS INC
1876,88991,PEABODY ENERGY CORP
1877,89001,A T & T WIRELESS SVCS INC
1878,89002,ALLIANCE DATA SYSTEMS CORP
1879,89003,FIDELITY NATIONAL INFO SVCS INC
1880,89004,F M C TECHNOLOGIES INC
1882,89006,MONDELEZ INTERNATIONAL INC
1883,89014,ROCKWELL COLLINS INC
1885,89017,WILLIS TOWERS WATSON PUB LTD CO
1886,89031,AXON ENTERPRISE INC
1888,89070,ZIMMER BIOMET HOLDINGS INC
1889,89071,ACCENTURE PLC IRELAND
1890,89105,JOY GLOBAL INC
1892,89138,BUNGE GLOBAL S A
1895,89179,ELEVANCE HEALTH INC
1896,89195,PRINCIPAL FINANCIAL GROUP INC
1897,89216,ACUITY BRANDS INC
1898,89217,ADVANCE AUTO PARTS INC
1899,89258,PRUDENTIAL FINANCIAL INC
1900,89269,CENTENE CORP DEL
1901,89301,GAMESTOP CORP NEW
1902,89392,KING WORLD PRODUCTIONS INC
1903,89393,NETFLIX INC
1904,89463,C I T GROUP INC NEW
1905,89495,TRAVELERS PPTY CASUALTY CORP NEW
1906,89508,CARMAX INC
1907,89509,CIMAREX ENERGY CO
1908,89525,COMCAST CORP NEW
1909,89533,WYNN RESORTS LTD
1910,89617,EQUINIX INC
1912,89626,C M E GROUP INC
1914,89641,SEAGATE TECHNOLOGY HOLDINGS PLC
1916,89757,SEARS HOLDINGS CORP
1917,89781,MOLINA HEALTHCARE INC
1918,89813,MEDCO HEALTH SOLUTIONS INC
1919,89866,L K Q CORP
1921,89954,DIRECTV
1922,90038,ASSURANT INC
1923,90071,N R G ENERGY INC
1924,90090,SIGNATURE BANK NEW YORK N Y
1925,90110,HOSPIRA INC
1926,90162,GENWORTH FINANCIAL INC
1928,90199,C B R E GROUP INC
1930,90215,SALESFORCE INC
1931,90248,DOMINOS PIZZA INC
1932,90272,WELLCARE HEALTH PLANS INC
1933,90305,EXTRA SPACE STORAGE INC
1935,90319,ALPHABET INC
1937,90352,DYNEGY INC DEL
1938,90373,DIGITAL REALTY TRUST INC
1939,90386,MOSAIC CO NEW
1940,90435,FREESCALE SEMICONDUCTOR INC
1942,90441,TWENTY FIRST CENTURY FOX INC
1943,90454,MARKETAXESS HLDGS INC
1944,90455,MONOLITHIC PWR SYS INC
1945,90505,LAS VEGAS SANDS CORP
1946,90520,CELANESE CORP DEL
1950,90537,NOBLE CORP PLC
1951,90547,ALPHA NATURAL RESOURCES INC
1953,90601,NASDAQ INC
1954,90609,NOVELL INC
1955,90664,DEXCOM INC
1956,90720,BUILDERS FIRSTSOURCE INC
1957,90721,OSHKOSH B GOSH INC
1958,90805,DISCOVERY COMMUNICATIONS INC
1960,90808,EXPEDIA GROUP INC
1961,90829,C F INDUSTRIES HOLDINGS INC
1962,90880,AMERIPRISE FINANCIAL INC
1963,90979,UNDER ARMOUR INC
1965,90993,INTERCONTINENTALEXCHANGE GRP INC
1966,91041,LIVE NATION ENTERTAINMENT INC
1967,91063,VIACOM INC NEW
1968,91068,CHIPOTLE MEXICAN GRILL INC
1970,91103,UNITED AIRLINES HOLDINGS INC
1971,91143,N Y S E EURONEXT
1972,91152,TRANSDIGM GROUP INC
1973,91207,STARWOOD HOTELS & REST WLDWD INC
1974,91218,EMBARQ CORP
1975,91233,MASTERCARD INC
1976,91380,REEBOK INTERNATIONAL LTD
1977,91388,REALOGY CORP
1979,91391,WINDSTREAM HOLDINGS INC
1980,91392,WYNDHAM WORLDWIDE CORP
1981,91416,HANESBRANDS INC
1982,91461,WESTERN UNION CO
1984,91547,LEIDOS HOLDINGS INC
1985,91556,ROSS STORES INC
1986,91611,FIRST SOLAR INC
1987,91650,SPECTRA ENERGY CORP
1988,91668,I P G PHOTONICS CORP
1989,91849,BROADRIDGE FINANCIAL SOLUTNS INC
1990,91883,TIME WARNER CABLE INC
1991,91907,SUPER MICRO COMPUTER INC
1992,91926,DELTA AIR LINES INC
1994,91937,T MOBILE U S INC
1995,92050,INSULET CORP
1996,92108,BLACKSTONE INC
1997,92121,DISCOVER FINANCIAL SERVICES
1999,92156,COVIDIEN PLC
2002,92157,T E CONNECTIVITY PLC
2003,92203,LULULEMON ATHLETICA INC
2004,92239,CONCHO RESOURCES INC
2005,92293,TERADATA CORP DE
2007,92322,ULTA BEAUTY INC
2008,92402,M S C I INC
2009,92602,PHILIP MORRIS INTERNATIONAL INC
2010,92611,VISA INC
2011,92614,AMERICAN WATER WORKS CO INC
2012,92618,DR PEPPER SNAPPLE GROUP INC
2014,92655,UNITEDHEALTH GROUP INC
2015,92709,SCRIPPS NETWORKS INTERACTIVE INC
2016,92890,MEAD JOHNSON NUTRITION CO
2017,92988,CAREFUSION CORP
2020,93002,BROADCOM INC
2021,93089,VERISK ANALYTICS INC
2022,93096,DOLLAR GENERAL CORP NEW
2023,93132,FORTINET INC
2024,93159,E N S C O PLC NEW
2025,93246,GENERAC HOLDINGS INC
2026,93422,Q E P RESOURCES INC
2028,93429,C B O E GLOBAL MARKETS INC
2029,93436,TESLA INC
